SRS,PRM
SRS001,
SRS002,
SRS003,
SRS004,
SRS005,
SRS007,
SRS008,
SRS009,
SRS010,
SRS011,
SRS012,
SRS013,
SRS014,
SRS015,
SRS016,
SRS017,
SRS018,
SRS019,
SRS020,
SRS021,
SRS022,
SRS023,
SRS024,
SRS025,
SRS026,
SRS027,
SRS028,
SRS029,
SRS030,
SRS031,
SRS032,
SRS033,
SRS034,
SRS035,
SRS036,
SRS037,
SRS038,
SRS039,
SRS040,
SRS041,
SRS042,
SRS043,
SRS044,
SRS046,
SRS047,
SRS048,
SRS049,
SRS050,
SRS051,
SRS052,
SRS053,
SRS054,
SRS055,
SRS056,
SRS057,
SRS058,
SRS059,
SRS060,
SRS061,
SRS062,
SRS063,
SRS064,
SRS065,
SRS067,
SRS068,
SRS069,
SRS126,
SRS127,
SRS128,
SRS129,
SRS130,
SRS131,
SRS132,
SRS133,
SRS134,
SRS135,
SRS136,
SRS137,
SRS138,
SRS139,
SRS140,
SRS141,
SRS142,
SRS143,
SRS144,
SRS145,
SRS146,
SRS147,
SRS148,
SRS149,
SRS150,
SRS151,
SRS152,
SRS153,
SRS154,
SRS155,
SRS156,
SRS157,
SRS158,
SRS159,
SRS160,
SRS161,
SRS162,
SRS163,
